Bowler_Id,Player_Name,Batting_Hand,Bowling_Skill,Country,Bowler_Strike_Rate_IPL,Economy_Rate_IPL,Balls_Per_Match,Wickets_Per_Match,Runs_Conceeded_IPL,Runs_Conceeded_Per_Match,Dot_Balls_Death_Over_Per_Match,Dot_Balls_Power_Play_Per_Match,Extra_Runs_Death_Over_Per_Match,Extra_Runs_Power_Play_Per_Match,Extra_Runs_Per_Match,Wickets_Death_Over_Per_Match,Wickets_Power_Play_Per_Match,Player_Id
1,SC Ganguly,Left_Hand,Right-arm medium,India,35,7.692857143,14,0.4,359,17.95,1.4,2.333333333,0,0.333333333,0.4,0.166666667,0,1
4,DJ Hussey,Right_Hand,Right-arm offbreak,Australia,64.6,8.674922601,12.42307692,0.192307692,467,17.96153846,3.125,2.75,0.75,0,0.5,0.375,0,4
5,Mohammad Hafeez,Right_Hand,Right-arm offbreak,Pakistan,31.5,5.80952381,15.75,0.5,61,15.25,0,0,0,0,2.5,0,0,5
8,V Kohli,Right_Hand,Right-arm medium,India,66,8.045454545,10.15384615,0.153846154,354,13.61538462,1.666666667,0,0.285714286,0,0.653846154,0,0,8
9,JH Kallis,Right_Hand,Right-arm fast-medium,South Africa,40.88636364,7.410783769,20.21348315,0.494382022,2222,24.96629213,2.764705882,4.690909091,0.418181818,0.482142857,1.056179775,0.181818182,0.160714286,9
10,CL White,Right_Hand,Legbreak googly,Australia,46,10.56521739,7.666666667,0.166666667,81,13.5,1,0,2,0,0.5,0,0,10
12,B Akhil,Right_Hand,Right-arm medium-fast,India,32.16666667,7.305699482,14.84615385,0.461538462,235,18.07692308,2.2,1,0.272727273,0,0.846153846,0.181818182,0,12
13,AA Noffke,Right_Hand,Right-arm fast-medium,Australia,25,8.4,25,1,35,35,5,3,0,6,6,1,0,13
14,P Kumar,Right_Hand,Right-arm medium,India,37.19117647,7.036773428,22.38053097,0.601769912,2966,26.24778761,2.956521739,7.883928571,0.649350649,1.008928571,1.495575221,0.298701299,0.169642857,14
15,Z Khan,Right_Hand,Left-arm fast-medium,India,27.06666667,7.043349754,23.06818182,0.852272727,2383,27.07954545,2.971428571,7.556818182,0.525641026,0.943181818,1.454545455,0.256410256,0.295454545,15
16,SB Joshi,Left_Hand,Slow left-arm orthodox,India,55,8.945454545,13.75,0.25,82,20.5,3,0,0,0,0,1,0,16
21,SK Raina,Left_Hand,Right-arm offbreak,India,38.72727273,6.957746479,13.74193548,0.35483871,988,15.93548387,2.833333333,2.5,0.444444444,0.25,0.661290323,0.222222222,0.25,21
22,JDP Oram,Left_Hand,Right-arm fast-medium,New Zealand,27.11111111,8.409836066,17.42857143,0.642857143,342,24.42857143,3.222222222,5.333333333,0.6,0.666666667,0.857142857,0.5,0.333333333,22
24,K Goel,Left_Hand,Right-arm offbreak,India,0,8.23880597,11.16666667,0,92,15.33333333,0,0,0,0,0.333333333,0,0,24
25,JR Hopes,Right_Hand,Right-arm medium,Australia,26.35714286,8.764227642,18.45,0.7,539,26.95,2.416666667,3.333333333,0.692307692,0.333333333,1.15,0.307692308,0.333333333,25
27,Yuvraj Singh,Left_Hand,Slow left-arm orthodox,India,28.56666667,7.141190198,12.42028986,0.434782609,1020,14.7826087,3.045454545,0,0.416666667,0,0.347826087,0.25,0,27
29,IK Pathan,Left_Hand,Left-arm medium-fast,India,30.44927536,7.239409805,21.01,0.69,2535,25.35,2.901639344,6.738095238,0.614285714,0.702380952,1.18,0.257142857,0.130952381,29
31,YK Pathan,Right_Hand,Right-arm offbreak,India,31.72222222,6.877408056,15.02631579,0.473684211,1309,17.22368421,2.526315789,5.285714286,0.434782609,0.628571429,0.815789474,0.130434783,0.171428571,31
32,SR Watson,Right_Hand,Right-arm fast-medium,Australia,24.5890411,6.962674095,20.87209302,0.848837209,2083,24.22093023,4.1,5.8,0.96875,0.792207792,1.709302326,0.46875,0.298701299,32
35,RA Jadeja,Left_Hand,Slow left-arm orthodox,India,29.37288136,7.301788806,17.33,0.59,2109,21.09,3.25862069,3.363636364,0.294117647,0.363636364,0.57,0.161764706,0.272727273,35
37,D Salunkhe,Right_Hand,Legbreak,India,51,8.235294118,10.2,0.2,70,14,2,0,0,0,2,0,0,37
38,SK Warne,Right_Hand,Legbreak googly,Australia,21.45614035,6.907604252,22.64814815,1.055555556,1408,26.07407407,3.083333333,2.166666667,0.41025641,0.333333333,1.055555556,0.179487179,0.166666667,38
39,SK Trivedi,Right_Hand,Right-arm medium,India,33.84782609,7.090558767,20.76,0.613333333,1840,24.53333333,2.829787234,3.631578947,0.377358491,0.526315789,0.92,0.264150943,0.210526316,39
41,V Sehwag,Right_Hand,Right-arm offbreak,India,23,10.13043478,9.2,0.4,233,15.53333333,2,1,0,1,0.2,0,0,41
42,S Dhawan,Left_Hand,Right-arm offbreak,India,49,7.959183673,8.166666667,0.166666667,65,10.83333333,4,2.333333333,1,0,0.166666667,1,0,42
44,ST Jayasuriya,Left_Hand,Slow left-arm orthodox,Sri Lanka,23.15384615,7.475083056,14.33333333,0.619047619,375,17.85714286,2.625,2,0.2,0,1,0.4,0,44
45,DJ Thornely,Right_Hand,Right-arm medium,Australia,14.66666667,5.181818182,11,0.75,38,9.5,4,0,0,0,0.5,0,0,45
48,AM Nayar,Left_Hand,Right-arm medium,India,29.875,7.807531381,12.57894737,0.421052632,311,16.36842105,1,3,1,0,0.631578947,0.5,0,48
49,SM Pollock,Right_Hand,Right-arm fast-medium,South Africa,25.45454545,6.364285714,21.53846154,0.846153846,297,22.84615385,1.5,8.461538462,0.5,0.615384615,0.769230769,0.25,0.461538462,49
50,Harbhajan Singh,Right_Hand,Right-arm offbreak,India,25.62616822,6.630196937,22.29268293,0.869918699,3030,24.63414634,2.673469388,4.814814815,0.352941176,0.418181818,1.073170732,0.31372549,0.109090909,50
52,LRPL Taylor,Right_Hand,Right-arm offbreak,New Zealand,0,10.61538462,6.5,0,23,11.5,0,0,0,0,0.5,0,0,52
53,AC Gilchrist,Left_Hand,Right-arm offbreak,Australia,1,0,1,1,0,0,1,0,0,0,0,1,0,53
54,Y Venugopal Rao,Right_Hand,Right-arm offbreak,India,37,8.891891892,11.1,0.3,329,16.45,2.4,2.428571429,0.166666667,0,0.45,0.166666667,0.142857143,54
56,A Symonds,Right_Hand,Right-arm offbreak,Australia,27,7.288888889,18,0.666666667,656,21.86666667,2.6,4.928571429,0.4,0.642857143,1.266666667,0.333333333,0.285714286,56
57,RG Sharma,Right_Hand,Right-arm offbreak,India,22.8,7.456140351,11.4,0.5,425,14.16666667,2.375,3.25,0.181818182,0.625,0.8,0.363636364,0.25,57
58,SB Styris,Right_Hand,Right-arm medium,New Zealand,27.75,7.297297297,20.18181818,0.727272727,270,24.54545455,2.777777778,3.5,0.333333333,0.5,0.727272727,0.666666667,0.166666667,58
59,SB Bangar,Right_Hand,Right-arm medium-fast,India,38.25,8.31372549,17,0.444444444,212,23.55555556,1,4,0.25,0.333333333,1,0.25,0.333333333,59
60,WPUJC Vaas,Left_Hand,Left-arm fast-medium,Sri Lanka,16,7.1875,22.15384615,1.384615385,345,26.53846154,2.142857143,9.076923077,0.888888889,0.692307692,1.461538462,0.111111111,0.769230769,60
61,RP Singh,Right_Hand,Left-arm fast-medium,India,25.32432432,7.139807898,22.85365854,0.902439024,2230,27.19512195,3.101449275,7.4625,0.704225352,1.109756098,1.853658537,0.338028169,0.256097561,61
63,LR Shukla,Right_Hand,Right-arm medium,India,25.07692308,7.895705521,12.07407407,0.481481481,429,15.88888889,3.727272727,2.25,0.866666667,0.4,1.074074074,0.333333333,0,63
66,B Lee,Right_Hand,Right-arm fast,Australia,61.06666667,6.825327511,24.10526316,0.394736842,1042,27.42105263,3.727272727,7.447368421,0.861111111,0.789473684,1.815789474,0.083333333,0.131578947,66
67,PP Chawla,Left_Hand,Legbreak,India,24.47524752,7.332524272,20.26229508,0.827868852,3021,24.76229508,2.970588235,2.952380952,0.2,0.761904762,0.836065574,0.253333333,0.047619048,67
68,WA Mota,Right_Hand,Right-arm medium,India,18.75,7.52,10.71428571,0.571428571,94,13.42857143,1.666666667,0,0.4,0,0.571428571,0.2,0,68
70,Shahid Afridi,Right_Hand,Legbreak googly,Pakistan,20.55555556,7.135135135,18.5,0.9,220,22,2.6,3,0.6,0.25,1.7,0.4,0.25,70
71,DJ Bravo,Right_Hand,Right-arm medium-fast,West Indies,21.53061224,7.558293839,20.48543689,0.951456311,2658,25.80582524,4.341772152,4.296296296,0.823529412,0.448275862,1.165048544,0.541176471,0.310344828,71
72,MA Khote,Right_Hand,Right-arm medium,India,15,10.2,15,1,51,25.5,2.5,0,0.5,0,0.5,1,0,72
73,A Nehra,Right_Hand,Left-arm medium-fast,India,22.74074074,7.263843648,22.46341463,0.987804878,2230,27.19512195,3.03125,6.804878049,0.46969697,0.646341463,1.109756098,0.46969697,0.268292683,73
75,Pankaj Singh,Right_Hand,Right-arm medium-fast,India,77.75,8.739549839,18.29411765,0.235294118,453,26.64705882,1.75,5.266666667,0.3,0.466666667,1,0,0.2,75
77,S Sreesanth,Right_Hand,Right-arm fast-medium,India,26.30555556,7.045406547,21.52272727,0.818181818,1112,25.27272727,2.45,7.931818182,0.75,1.613636364,2.181818182,0.166666667,0.363636364,77
78,VRV Singh,Right_Hand,Right-arm medium-fast,India,30.91666667,8.587601078,20.61111111,0.666666667,531,29.5,3.181818182,3.272727273,0.533333333,0.416666667,1,0.333333333,0.083333333,78
80,DS Kulkarni,Right_Hand,Right-arm medium,India,20.3880597,7.111273792,20.6969697,1.015151515,1619,24.53030303,3.380952381,6.4,1.022727273,0.7,1.772727273,0.386363636,0.45,80
81,R Vinay Kumar,Right_Hand,Right-arm medium,India,30.15492958,7.930873424,21.1980198,0.702970297,2830,28.01980198,3.1,5.138888889,0.397435897,0.378378378,0.861386139,0.346153846,0.216216216,81
82,AB Agarkar,Right_Hand,Right-arm fast,India,31.53846154,8.136585366,19.52380952,0.619047619,1112,26.47619048,2.590909091,4.083333333,0.44,1,1.285714286,0.2,0.2,82
83,M Kartik,Left_Hand,Slow left-arm orthodox,India,47.28,6.807106599,21.49090909,0.454545455,1341,24.38181818,1.888888889,3.5,0.029411765,0.269230769,1.018181818,0.088235294,0.153846154,83
84,I Sharma,Right_Hand,Right-arm fast-medium,India,31.98,7.324577861,22.84285714,0.714285714,1952,27.88571429,2.978723404,8.130434783,0.8,1.31884058,2,0.18,0.246376812,84
85,AM Rahane,Right_Hand,Right-arm medium,India,6,5,6,1,5,5,2,0,0,0,0,0,0,85
86,Shoaib Malik,Right_Hand,Right-arm offbreak,Pakistan,29,7.965517241,11.6,0.4,77,15.4,2.333333333,0,0.333333333,0,2,0.333333333,0,86
87,MK Tiwary,Right_Hand,Legbreak googly,India,38,11.21052632,7.6,0.2,71,14.2,3,0,0.5,0,0.4,0.5,0,87
89,R Bhatia,Right_Hand,Right-arm medium-fast,India,31.11538462,7.168108776,18.38636364,0.590909091,1933,21.96590909,2.441860465,2,0.212765957,0,0.556818182,0.191489362,0,89
90,MF Maharoof,Right_Hand,Right-arm fast-medium,India,16.33333333,6.721088435,22.05,1.35,494,24.7,2.833333333,6,0.357142857,0.8,1.9,0.428571429,0.466666667,90
91,VY Mahesh,Right_Hand,Right-arm medium-fast,India,19.94444444,7.988857939,21.11764706,1.058823529,478,28.11764706,3.6,3.666666667,0.153846154,0.555555556,1.529411765,0.769230769,0.222222222,91
93,B Chipli,Right_Hand,Right-arm medium,India,0,20,6,0,20,20,1,0,0,0,0,0,0,93
94,DW Steyn,Right_Hand,Right-arm fast,South Africa,32.71212121,6.138953219,23.98888889,0.733333333,2209,24.54444444,3.863013699,7.366666667,0.493506494,0.888888889,1.566666667,0.337662338,0.177777778,94
98,DNT Zoysa,Left_Hand,Left-arm fast-medium,Sri Lanka,34.5,8.347826087,23,0.666666667,96,32,2.333333333,5.333333333,1,0.333333333,1.333333333,0.333333333,0,98
99,D Kalyankrishna,Right_Hand,Right-arm medium-fast,India,25,10.2,16.66666667,0.666666667,85,28.33333333,1,0,0.333333333,0,1,0,0,99
102,Sohail Tanvir,Left_Hand,Left-arm medium-fast,Pakistan,12.04545455,5.569811321,24.09090909,2,246,22.36363636,4.7,8.545454545,0.9,1.818181818,2.636363636,0.9,0.181818182,102
104,BJ Hodge,Right_Hand,Right-arm offbreak,Australia,14.875,7.411764706,11.9,0.8,294,14.7,3.5,3.4,0,1,0.75,1.5,0,104
105,Umar Gul,Right_Hand,Right-arm fast-medium,Pakistan,12.75,6.509803922,25.5,2,166,27.66666667,4.6,5.2,2.4,2,5.333333333,0,0.6,105
106,AB Dinda,Right_Hand,Right-arm medium-fast,India,28.22222222,7.374015748,21.16666667,0.75,1873,26.01388889,3.023255814,6.784615385,0.3,0.861538462,1.222222222,0.34,0.276923077,106
108,S Vidyut,Left_Hand,Slow left-arm orthodox,India,13,9.692307692,13,1,21,21,0,0,0,0,1,0,0,108
109,JA Morkel,Left_Hand,Right-arm medium-fast,South Africa,25.43661972,7.495016611,20.75862069,0.816091954,2256,25.93103448,2.613636364,6.333333333,0.46,0.916666667,1.402298851,0.36,0.208333333,109
111,LPC Silva,Right_Hand,Legbreak,Sri Lanka,0,21,6,0,21,21,0,0,0,0,0,0,0,111
112,DB Ravi Teja,Right_Hand,Legbreak googly,India,18,9.333333333,9,0.5,28,14,0,0,0,0,0,0,0,112
115,RR Raje,Right_Hand,Right-arm fast-medium,India,24,8.333333333,14.4,0.6,200,20,2,5,0.166666667,1,1.4,0.333333333,0,115
116,PJ Sangwan,Right_Hand,Left-arm medium,India,25.03448276,7.570247934,22,0.878787879,916,27.75757576,2.777777778,4.964285714,0.444444444,1.24137931,2.090909091,0.444444444,0.24137931,116
117,Mohammad Asif,Left_Hand,Right-arm fast-medium,Pakistan,24.875,8.713567839,24.875,1,289,36.125,2.571428571,5.5,1,0.75,2.25,0.375,0.125,117
118,GD McGrath,Right_Hand,Right-arm fast-medium,Australia,27.41666667,6.419452888,23.5,0.857142857,352,25.14285714,2.181818182,9.857142857,0.25,0.785714286,1,0.25,0.5,118
119,Joginder Sharma,Right_Hand,Right-arm fast-medium,India,22.66666667,8.867647059,18.13333333,0.8,402,26.8,3.428571429,4.333333333,0.625,1.333333333,1.266666667,0.625,0,119
120,MS Gony,Right_Hand,Right-arm medium,India,30.33333333,8.050549451,21.1627907,0.697674419,1221,28.39534884,2.9375,6.771428571,0.222222222,0.714285714,0.930232558,0.111111111,0.314285714,120
121,M Muralitharan,Right_Hand,Right-arm offbreak,Sri Lanka,32.9375,6.231499051,23.95454545,0.727272727,1642,24.87878788,3.288888889,4.15,0.520833333,0.3,1.53030303,0.270833333,0.05,121
122,M Ntini,Right_Hand,Right-arm fast,South Africa,30.42857143,6.704225352,23.66666667,0.777777778,238,26.44444444,2.833333333,9.888888889,0.428571429,1.777777778,2.111111111,0,0.333333333,122
124,A Kumble,Right_Hand,Legbreak googly,India,21.84444444,6.268565615,23.4047619,1.071428571,1027,24.45238095,2.64516129,4.466666667,0.382352941,0.466666667,1.476190476,0.323529412,0.066666667,124
126,MM Patel,Right_Hand,Right-arm medium-fast,India,24.34545455,7.200896191,21.95081967,0.901639344,1607,26.3442623,3.484848485,6.431034483,0.227272727,0.431034483,0.737704918,0.340909091,0.25862069,126
127,CK Kapugedera,Right_Hand,Right-arm medium,Sri Lanka,0,17.29411765,5.666666667,0,49,16.33333333,0,0,0,0,0,0,0,127
131,PP Ojha,Left_Hand,Slow left-arm orthodox,India,25.59210526,6.974807198,21.61111111,0.844444444,2261,25.12222222,2.88372093,3.333333333,0.6,0.2,1.311111111,0.36,0.114285714,131
133,SR Tendulkar,Right_Hand,Right-arm offbreak,India,0,9.243243243,9.25,0,57,14.25,1,0,0,0,0.5,0,0,133
135,TM Dilshan,Right_Hand,Right-arm offbreak,Sri Lanka,55,7.876363636,11,0.2,361,14.44,3,2.8,0.5,0.166666667,0.16,0.25,0,135
136,A Mishra,Right_Hand,Legbreak,India,24.66,6.924574209,22.01785714,0.892857143,2846,25.41071429,2.986111111,4.642857143,0.35443038,0.5,0.848214286,0.151898734,0.214285714,136
137,AD Mascarenhas,Right_Hand,Right-arm fast-medium,England,25.83333333,6.832258065,23.84615385,0.923076923,353,27.15384615,2,6.307692308,0,0.153846154,0.461538462,0,0.538461538,137
140,Iqbal Abdulla,Left_Hand,Slow left-arm orthodox,India,26.73529412,6.811881188,19.76086957,0.739130435,1032,22.43478261,3.055555556,5,0.380952381,0.148148148,0.673913043,0.333333333,0.259259259,140
142,PM Sarvesh Kumar,Right_Hand,Right-arm medium,India,31,7.935483871,15.5,0.5,41,20.5,0,3,0,1,0.5,0,0,142
143,DP Vijaykumar,Right_Hand,Right-arm medium,India,39.5,7.253164557,17.55555556,0.444444444,191,21.22222222,2,6.333333333,1.6,0.444444444,1.444444444,0.2,0.333333333,143
144,Shoaib Akhtar,Right_Hand,Right-arm fast,Pakistan,9.2,6.52173913,15.33333333,1.666666667,50,16.66666667,0,9,0,1.333333333,1.333333333,0,1.333333333,144
145,Abdur Razzak,Left_Hand,Slow left-arm orthodox,Bangladesh,0,9.857142857,14,0,23,23,0,0,0,0,6,0,0,145
147,DR Smith,Right_Hand,Right-arm medium,West Indies,21.59090909,8.122105263,12.83783784,0.594594595,643,17.37837838,2.25,2.888888889,0.642857143,0.4,0.702702703,0.071428571,0.5,147
148,SD Chitnis,Right_Hand,Right-arm offbreak,India,19,8.526315789,19,1,54,27,5,4,5,2,4,2,0,148
149,CRD Fernando,Right_Hand,Right-arm fast-medium,Sri Lanka,14.64705882,6.722891566,24.9,1.7,279,27.9,4.333333333,5.111111111,1.222222222,0.777777778,2.7,0.333333333,0.666666667,149
150,VS Yeligati,Right_Hand,Right-arm offbreak,India,0,9.9375,16,0,53,26.5,1,2,0,1,4,0,0,150
151,L Balaji,Right_Hand,Right-arm medium-fast,India,25.80327869,7.440914867,21.56164384,0.835616438,1952,26.73972603,3.035087719,5.416666667,0.709677419,0.625,1.410958904,0.387096774,0.145833333,151
153,RR Powar,Right_Hand,Right-arm offbreak,India,34.07692308,6.785553047,17.03846154,0.5,501,19.26923077,2.857142857,5.125,0.142857143,0.875,1.423076923,0.428571429,0.0625,153
154,JP Duminy,Left_Hand,Right-arm offbreak,South Africa,31.04545455,6.729136164,14.53191489,0.468085106,766,16.29787234,2.25,3.789473684,0.214285714,0.578947368,0.829787234,0.214285714,0.052631579,154
155,A Flintoff,Right_Hand,Right-arm fast-medium,England,33,9.545454545,22,0.666666667,105,35,3,1.5,0.333333333,0,0.333333333,0.333333333,0,155
156,T Thushara,Left_Hand,Left-arm fast-medium,Sri Lanka,18,6.333333333,24,1.333333333,152,25.33333333,3,9,0.5,1.5,2,0.666666667,0.75,156
157,JD Ryder,Left_Hand,Right-arm medium,New Zealand,34.42857143,7.394190871,15.0625,0.4375,297,18.5625,2.142857143,3,0.25,0,0.6875,0.125,0,157
158,KP Pietersen,Right_Hand,Right-arm offbreak,South Africa,25.71428571,6.833333333,13.84615385,0.538461538,205,15.76923077,2,7,0,3,0.692307692,0.25,0.5,158
159,T Henderson,Right_Hand,Right-arm fast-medium,South Africa,36,6.666666667,18,0.5,40,20,4.5,0,0.5,0,0.5,0,0,159
160,Kamran Khan,Left_Hand,Left-arm medium-fast,India,17.7,7.728813559,19.66666667,1.111111111,228,25.33333333,4,6.125,2.25,1,2.222222222,0.25,0.375,160
161,RS Bopara,Right_Hand,Right-arm medium,England,19.36363636,7.774647887,15.21428571,0.785714286,276,19.71428571,3.5,0,0.5,0,1.785714286,0.166666667,0,161
162,CH Gayle,Left_Hand,Right-arm offbreak,West Indies,32.16666667,6.994818653,15.64864865,0.486486486,675,18.24324324,3.3,4.692307692,1.045454545,1.846153846,1.945945946,0.318181818,0.076923077,162
163,MC Henriques,Right_Hand,Right-arm fast-medium,Australia,23.33333333,7.574025974,17.90697674,0.76744186,972,22.60465116,2.9375,4.277777778,0.5,0.5,0.744186047,0.277777778,0.222222222,163
165,FH Edwards,Right_Hand,Right-arm fast,West Indies,30,5.76,25,0.833333333,144,24,4,9.333333333,1.5,1.166666667,2.666666667,0.166666667,0.333333333,165
166,KV Sharma,Left_Hand,Legbreak googly,India,26.78125,7.715285881,18.63043478,0.695652174,1102,23.95652174,2.846153846,3,0.266666667,0.3125,0.739130435,0.2,0.0625,166
167,PC Valthaty,Right_Hand,Right-arm medium,India,21.85714286,7.803921569,15.3,0.7,199,19.9,3.5,0,0.4,0,0.8,0.4,0,167
169,AS Raut,Right_Hand,Legbreak googly,India,0,8.8,6,0,44,8.8,1.5,0,0,0,0.2,0,0,169
171,M Manhas,Right_Hand,Right-arm offbreak,India,0,6,14,0,42,14,1.5,0,0,0,0,0,0,171
174,BAW Mendis,Right_Hand,Right-arm offbreak,Sri Lanka,35.42857143,7.137096774,24.8,0.7,295,29.5,2.125,4.166666667,0,0.142857143,1.1,0.125,0.142857143,174
175,DL Vettori,Left_Hand,Slow left-arm orthodox,New Zealand,34.13043478,6.649681529,23.08823529,0.676470588,870,25.58823529,2.666666667,3.416666667,0.111111111,0.166666667,0.470588235,0.037037037,0.166666667,175
177,RE van der Merwe,Right_Hand,Slow left-arm orthodox,South Africa,22.75,6.408791209,21.66666667,0.952380952,486,23.14285714,3.142857143,3,0.8,1,1.380952381,0.266666667,0,177
178,TL Suman,Right_Hand,Right-arm offbreak,India,25.33333333,7.697368421,13.81818182,0.545454545,195,17.72727273,2.75,2,0.2,1,0.272727273,0.6,0,178
179,Shoaib Ahmed,Right_Hand,Right-arm fast-medium,Pakistan,20.6,8.796116505,14.71428571,0.714285714,151,21.57142857,1.5,3.5,0,0,0.428571429,0,0.333333333,179
180,GR Napier,Right_Hand,Right-arm medium,England,24,6.75,24,1,27,27,2,3,0,0,1,1,0,180
181,KP Appanna,Right_Hand,Slow left-arm orthodox,India,74,7.513513514,17.07692308,0.230769231,278,21.38461538,2,4.5,0.666666667,0,0.461538462,0,0,181
182,LA Carseldine,Left_Hand,Left-arm medium,Australia,7,4.285714286,7,1,5,5,0,5,0,1,1,0,1,182
184,SM Harwood,Right_Hand,Right-arm fast-medium,Australia,22.33333333,5.462686567,22.33333333,1,61,20.33333333,3,5.333333333,0.666666667,0.333333333,4.333333333,0.333333333,0.333333333,184
185,M Vijay,Right_Hand,Right-arm offbreak,India,0,7.783783784,9.25,0,48,12,0,3,0,1,0.25,0,0,185
186,SB Jakati,Left_Hand,Slow left-arm orthodox,India,28.13157895,7.723105706,19.43636364,0.690909091,1376,25.01818182,2.727272727,4,0.538461538,0.1,0.709090909,0.307692308,0,186
188,RJ Harris,Right_Hand,Right-arm fast,Australia,24.02777778,6.922543353,23.37837838,0.972972973,998,26.97297297,3.333333333,7.611111111,0.84375,1.166666667,2.054054054,0.375,0.25,188
189,D du Preez,Right_Hand,Right-arm fast-medium,South Africa,10.75,7.674418605,21.5,2,55,27.5,0,6,1,0,0.5,0,1.5,189
190,M Morkel,Left_Hand,Right-arm fast,South Africa,33.98,7.080635668,24.27142857,0.714285714,2005,28.64285714,3.14893617,7.785714286,0.20754717,1.142857143,1.414285714,0.339622642,0.257142857,190
191,AD Mathews,Right_Hand,Right-arm fast-medium,Sri Lanka,40.84210526,7.724226804,18.47619048,0.452380952,999,23.78571429,2.19047619,2.894736842,0.041666667,0.210526316,0.761904762,0.291666667,0.210526316,191
192,J Botha,Right_Hand,Right-arm offbreak,South Africa,50.64285714,6.575458392,20.85294118,0.411764706,777,22.85294118,2.529411765,4.421052632,0.15,0.15,0.705882353,0.05,0,192
193,C Nanda,Right_Hand,Legbreak,India,25,6.6,16.66666667,0.666666667,55,18.33333333,3,0,1,0,1,0,0,193
194,SL Malinga,Right_Hand,Right-arm fast,Sri Lanka,20.05833333,6,24.56122449,1.224489796,2407,24.56122449,4.494505495,5.88172043,1.117021277,0.806451613,2.081632653,0.372340426,0.139784946,194
195,Mashrafe Mortaza,Right_Hand,Right-arm fast-medium,Bangladesh,0,11.57142857,28,0,54,54,4,6,4,1,5,0,0,195
196,A Singh,Right_Hand,Right-arm medium-fast,India,27,7.444444444,21.13043478,0.782608696,603,26.2173913,2.842105263,6.761904762,0.15,0.666666667,0.782608696,0.3,0.238095238,196
198,AB McDonald,Right_Hand,Right-arm fast-medium,Australia,37.6,8.265957447,18.8,0.5,259,25.9,3,2.5,0,0.166666667,0.1,0,0.166666667,198
199,Y Nagar,Right_Hand,Right-arm offbreak,India,18,9.75,9,0.5,117,14.625,2,2,2,0,0.75,0.5,0,199
201,R Ashwin,Right_Hand,Right-arm offbreak,India,29.86075949,6.127172531,21.84259259,0.731481481,2409,22.30555556,2.904761905,5.803030303,0.46969697,0.636363636,1.101851852,0.121212121,0.212121212,201
206,Jaskaran Singh,Right_Hand,Right-arm medium,India,18.5,8.756756757,15.85714286,0.857142857,162,23.14285714,1.833333333,6,0.666666667,1.5,1.714285714,0.5,0.25,206
209,R Sathish,Right_Hand,Right-arm medium,India,48,9.458333333,10.28571429,0.214285714,227,16.21428571,1.6,0,0.285714286,0,0.357142857,0,0,209
210,R McLaren,Left_Hand,Right-arm medium-fast,South Africa,33.81818182,8.387096774,20.66666667,0.611111111,520,28.88888889,2.7,5.333333333,1.166666667,0.933333333,2,0.333333333,0.066666667,210
211,AA Jhunjhunwala,Right_Hand,Right-arm offbreak,India,0,8.590909091,8.8,0,126,12.6,2,3.25,0,0.5,0.3,0,0,211
213,A Uniyal,Left_Hand,Left-arm medium,India,19,10.10526316,19,1,64,32,2.5,5,1,1,1.5,0.5,0,213
215,YA Abdulla,Left_Hand,Left-arm fast-medium,India,14.8,7.945945946,20.18181818,1.363636364,294,26.72727273,3.75,5.888888889,1,0.5,1.545454545,0.5,0.4,215
217,JM Kemp,Right_Hand,Right-arm fast-medium,South Africa,15.66666667,6.510638298,9.4,0.6,51,10.2,0,0,0,0,1.4,0,0,217
218,S Tyagi,Right_Hand,Right-arm medium,India,36.66666667,7.745454545,15.71428571,0.428571429,284,20.28571429,2,6.769230769,0.666666667,1.153846154,1.428571429,0,0.230769231,218
219,RS Gavaskar,Left_Hand,Slow left-arm orthodox,India,0,8,6,0,8,8,2,0,0,0,0,0,0,219
220,SE Bond,Right_Hand,Right-arm fast,New Zealand,21.22222222,6.848167539,23.875,1.125,218,27.25,4.833333333,5.625,0.5,0.375,0.875,0.25,0.375,220
221,KA Pollard,Right_Hand,Right-arm medium-fast,West Indies,34.16216216,7.875,15.8,0.4625,1659,20.7375,2.956521739,2.833333333,0.462962963,1,0.8125,0.240740741,0.166666667,221
222,S Ladda,Right_Hand,Legbreak,India,28.2,9.404255319,15.66666667,0.555555556,221,24.55555556,2.5,2.666666667,0,0.333333333,0.444444444,0.166666667,0.333333333,222
223,DP Nannes,Right_Hand,Left-arm fast,Australia,28.70833333,6.391872279,23.75862069,0.827586207,734,25.31034483,3.96,7.724137931,0.851851852,1.620689655,2.620689655,0.333333333,0.275862069,223
226,S Narwal,Left_Hand,Right-arm medium,India,22.6,10.3539823,18.83333333,0.833333333,195,32.5,1.333333333,6.2,0.25,0.8,1.333333333,0.5,0.4,226
228,Bipul Sharma,Left_Hand,Slow left-arm orthodox,India,24,7.678571429,16,0.666666667,430,20.47619048,2.333333333,4.142857143,0.333333333,0.142857143,0.523809524,0.333333333,0.142857143,228
229,FY Fazal,Left_Hand,Right-arm medium,India,0,10,6,0,20,10,1,0,0,0,0,0,0,229
230,AC Voges,Right_Hand,Slow left-arm orthodox,Australia,0,7.928571429,8,0,74,10.57142857,1,3,0,0.5,0.285714286,0,0,230
232,UT Yadav,Right_Hand,Right-arm fast-medium,India,36.02083333,7.7108155,21.88607595,0.607594937,2222,28.12658228,3.525423729,4.907692308,0.692307692,0.606060606,1.430379747,0.230769231,0.151515152,232
233,J Theron,Right_Hand,Right-arm medium-fast,South Africa,26.11111111,7.353191489,23.5,0.9,288,28.8,3.888888889,5.333333333,1.222222222,0.857142857,2,0.222222222,0.142857143,233
234,SJ Srivastava,Right_Hand,Left-arm fast-medium,India,21.85714286,8.019607843,21.85714286,1,409,29.21428571,3.125,5.076923077,0.75,1.538461538,2.5,0.375,0.384615385,234
235,R Sharma,Right_Hand,Right-arm offbreak,India,38.95833333,6.924064171,21.25,0.545454545,1079,24.52272727,3.043478261,2.923076923,0.133333333,0.153846154,0.318181818,0.2,0.076923077,235
238,SW Tait,Right_Hand,Right-arm fast,Australia,33.375,6.258426966,25.42857143,0.761904762,557,26.52380952,4.294117647,7.476190476,1.444444444,1.476190476,3.285714286,0.444444444,0.238095238,238
240,KAJ Roach,Right_Hand,Right-arm fast,West Indies,0,8.769230769,26,0,76,38,4,6.5,1,0.5,2,0,0,240
241,PD Collingwood,Right_Hand,Right-arm medium,England,18,6.666666667,15,0.833333333,100,16.66666667,2.5,0,0,0,0.166666667,0.25,0,241
242,CK Langeveldt,Right_Hand,Right-arm fast-medium,England,12.69230769,6.472727273,23.57142857,1.857142857,178,25.42857143,2.333333333,8,0.333333333,1.285714286,3,0.5,0.714285714,242
243,VS Malik,Right_Hand,Right-arm medium,India,35.33333333,7.188679245,16.30769231,0.461538462,254,19.53846154,2,5.416666667,0,0.5,1.076923077,0,0.333333333,243
244,A Mithun,Right_Hand,Right-arm medium,India,44.57142857,8.615384615,19.5,0.4375,448,28,3.454545455,3.555555556,0.75,0.555555556,1.6875,0.333333333,0,244
245,AP Dole,Right_Hand,Right-arm medium-fast,India,14.6,8.630136986,24.33333333,1.666666667,105,35,5,5,1,1.666666667,3,0,0.666666667,245
246,AN Ahmed,Right_Hand,Right-arm medium-fast,India,30.16666667,7.740331492,21.29411765,0.705882353,467,27.47058824,3.181818182,4.75,1.416666667,1.5,2.823529412,0.25,0.125,246
248,DE Bollinger,Left_Hand,Left-arm fast-medium,Australia,20,6.63,22.22222222,1.111111111,663,24.55555556,4.260869565,6.851851852,0.541666667,1.222222222,1.740740741,0.375,0.296296296,248
249,S Sriram,Left_Hand,Slow left-arm orthodox,India,0,16.33333333,9,0,49,24.5,0,0,0,0,0,0,0,249
253,MR Marsh,Right_Hand,Right-arm medium,Australia,20.4375,7.376146789,18.16666667,0.888888889,402,22.33333333,3.4,4.111111111,0.4,0.444444444,0.666666667,0.7,0.444444444,253
254,AJ Finch,Right_Hand,Slow left-arm orthodox,Australia,0,9,8.8,0,66,13.2,4,4,0,0,0.2,0,0,254
255,STR Binny,Right_Hand,Right-arm medium,India,43.08333333,7.172147002,9.754716981,0.226415094,618,11.66037736,2.444444444,3.235294118,0.181818182,0.235294118,0.339622642,0.181818182,0.117647059,255
256,Harmeet Singh,Left_Hand,Slow left-arm orthodox,India,30.21052632,7.296167247,20.5,0.678571429,698,24.92857143,3.5625,3.928571429,0.388888889,0.714285714,1.285714286,0.111111111,0.285714286,256
258,DT Christian,Right_Hand,Right-arm fast-medium,Australia,45.27272727,7.361445783,21.65217391,0.47826087,611,26.56521739,3.0625,4.388888889,0.388888889,0.444444444,1.086956522,0.111111111,0.055555556,258
259,RV Gomez,Right_Hand,Right-arm medium,India,19.4,7.917525773,10.77777778,0.555555556,128,14.22222222,2.666666667,0,0,0,0.222222222,0.333333333,0,259
261,AUK Pathan,Right_Hand,Right-arm medium,India,0,8.341463415,13.66666667,0,57,19,2,0,0,0,2,0,0,261
265,NJ Rimmington,Right_Hand,Right-arm fast-medium,Australia,0,6.333333333,18,0,19,19,0,7,0,1,1,0,0,265
266,AL Menaria,Left_Hand,Slow left-arm orthodox,India,56.5,7.433628319,9.416666667,0.166666667,140,11.66666667,1.8,4.6,0.166666667,0.6,0.333333333,0,0,266
267,WD Parnell,Left_Hand,Left-arm medium-fast,South Africa,28.61904762,6.499168053,23.11538462,0.807692308,651,25.03846154,4.047619048,6.192307692,0.47826087,2.115384615,2.730769231,0.434782609,0.192307692,267
268,JJ van der Wath,Right_Hand,Right-arm medium-fast,South Africa,25.33333333,9.868421053,25.33333333,1,125,41.66666667,4,7,1.666666667,1,3,1,0,268
269,R Ninan,Right_Hand,Right-arm offbreak,India,12,10.83333333,18,1.5,65,32.5,0,0,0,0,0,0,0,269
270,S Aravind,Left_Hand,Left-arm medium-fast,India,14.95,7.414715719,21.35714286,1.428571429,739,26.39285714,3.133333333,6.107142857,0.578947368,0.714285714,1.428571429,0.631578947,0.464285714,270
273,SB Wagh,Left_Hand,Left-arm medium-fast,India,21.6,7.277777778,13.5,0.625,131,16.375,2.5,6.375,2,1.5,2,0.5,0.5,273
274,AC Thomas,Right_Hand,Right-arm fast-medium,England,29.72727273,7.229357798,21.8,0.733333333,394,26.26666667,2.909090909,7.133333333,0.727272727,0.266666667,0.8,0.272727273,0.4,274
275,JEC Franklin,Left_Hand,Left-arm medium,New Zealand,38.75,8.361290323,10.33333333,0.266666667,216,14.4,2.6,1.5,0,2,0.4,0.333333333,0.5,275
276,Shakib Al Hasan,Left_Hand,Slow left-arm orthodox,Bangladesh,29.96774194,6.72335845,22.65853659,0.756097561,1041,25.3902439,3.217391304,4.724137931,0.4,0.137931034,0.853658537,0.12,0.137931034,276
278,S Randiv,Right_Hand,Right-arm offbreak,Sri Lanka,30,7.233333333,22.5,0.75,217,27.125,2.6,3,0,1,0.75,0.6,0,278
280,NLTC Perera,Left_Hand,Right-arm medium-fast,Sri Lanka,31.08695652,8.374825175,19.86111111,0.638888889,998,27.72222222,2.740740741,3.4,0.387096774,0.16,0.75,0.290322581,0.16,280
281,NL McCullum,Right_Hand,Right-arm offbreak,New Zealand,0,6.8,15,0,34,17,0,6,0,0,0.5,0,0,281
282,JE Taylor,Right_Hand,Right-arm fast,New Zealand,20.33333333,7.475409836,24.4,1.2,152,30.4,5.4,5.2,2.2,0.6,3,1.2,0,282
283,J Syed Mohammad,Left_Hand,Slow left-arm orthodox,India,32.66666667,8.540816327,17.81818182,0.545454545,279,25.36363636,2.25,5.5,0,0,0.272727273,0.333333333,0.5,283
284,RN ten Doeschate,Right_Hand,Right-arm medium-fast,Netherlands,83,6.361445783,8.3,0.1,88,8.8,4,0,0,0,0.2,0,0,284
286,AG Murtaza,Left_Hand,Slow left-arm orthodox,India,29.88888889,6.780669145,22.41666667,0.75,304,25.33333333,2.571428571,5.333333333,1.222222222,0.111111111,1.5,0.222222222,0.222222222,286
290,I Malhotra,Right_Hand,Right-arm medium-fast,India,0,23,6,0,23,23,0,0,0,0,0,0,0,290
291,L Ablish,Right_Hand,Right-arm medium-fast,India,15,9.6,15,1,72,24,3,1.5,1.333333333,0,1.333333333,0.333333333,0,291
293,S Nadeem,Right_Hand,Slow left-arm orthodox,India,60.41176471,6.888023369,22.32608696,0.369565217,1179,25.63043478,2.454545455,3.85,0.185185185,0.238095238,0.47826087,0.074074074,0.095238095,293
294,P Parameswaran,Right_Hand,Left-arm medium,India,39.75,8.264150943,19.875,0.5,219,27.375,3.4,4.5,0,0.2,0.375,0.4,0.2,294
296,VR Aaron,Right_Hand,Right-arm fast,India,33.69565217,7.718709677,22.79411765,0.676470588,997,29.32352941,3.36,5.185185185,0.846153846,0.777777778,2,0.269230769,0.185185185,296
297,AA Chavan,Left_Hand,Slow left-arm orthodox,India,255,7.482352941,19.61538462,0.076923077,318,24.46153846,1.75,6.916666667,0,0.416666667,0.384615385,0,0,297
298,ND Doshi,Right_Hand,Slow left-arm orthodox,India,28.5,8.210526316,14.25,0.5,78,19.5,3,2.666666667,0,0,0.25,0.5,0,298
299,B Kumar,Right_Hand,Right-arm medium,India,25.07246377,6.520231214,22.76315789,0.907894737,1880,24.73684211,3.561403509,7.506666667,0.53968254,0.92,1.434210526,0.412698413,0.16,299
300,Y Gnaneswara Rao,Right_Hand,Right-arm medium,India,0,7,6,0,7,7,0,0,0,0,0,0,0,300
301,S Rana,Right_Hand,Right-arm medium-fast,India,0,6.75,5.333333333,0,18,6,2,0,0,0,0,0,0,301
302,BA Bhatt,Left_Hand,Slow left-arm orthodox,India,30.3,7.702970297,20.2,0.666666667,389,25.93333333,2.3,3.5,0.272727273,0.083333333,0.733333333,0.272727273,0.25,302
303,F du Plessis,Right_Hand,Legbreak,South Africa,0,16,6,0,16,16,0,0,0,0,0,0,0,303
305,GJ Maxwell,Right_Hand,Right-arm offbreak,Australia,73,9.369863014,8.76,0.12,342,13.68,2,2.25,0.25,0.25,0.6,0,0,305
306,SPD Smith,Right_Hand,Legbreak googly,India,0,15,2,0,5,5,0,0,0,0,0,0,0,306
307,MN Samuels,Right_Hand,Right-arm offbreak,West Indies,0,7.28358209,22.33333333,0,244,27.11111111,2.857142857,4.444444444,0,0,0,0,0,307
308,SA Yadav,Right_Hand,Right-arm offbreak,India,0,8,6,0,8,8,0,2,0,0,0,0,0,308
309,KK Cooper,Right_Hand,Right-arm medium,West Indies,42.85714286,7.25,24,0.56,725,29,4.375,3.375,0.583333333,0.625,1.36,0.125,0.0625,309
310,JP Faulkner,Right_Hand,Left-arm fast-medium,Australia,26.73809524,7.88601959,21.59615385,0.807692308,1476,28.38461538,3.880952381,4.384615385,1.066666667,0.615384615,1.653846154,0.377777778,0.256410256,310
311,HV Patel,Right_Hand,Right-arm medium,India,31,7.953079179,20.66666667,0.666666667,904,27.39393939,3.318181818,3.37037037,0.391304348,0.666666667,1.121212121,0.391304348,0.185185185,311
312,DAJ Bracewell,Right_Hand,Right-arm fast-medium,New Zealand,0,7.44,25,0,31,31,2,4,0,0,0,0,0,312
313,DJ Harris,Right_Hand,Right-arm medium,Australia,0,8.666666667,9,0,26,13,0,0,0,0,0,0,0,313
314,Ankit Sharma,Left_Hand,Slow left-arm orthodox,India,45.375,6.760330579,19.10526316,0.421052632,409,21.52631579,2,4.857142857,0.727272727,0.142857143,0.684210526,0.181818182,0.214285714,314
315,SP Narine,Left_Hand,Right-arm offbreak,West Indies,31.88,6.04140527,24.15151515,0.757575758,1605,24.31818182,4.492307692,3.839285714,0.384615385,0.196428571,0.772727273,0.153846154,0.017857143,315
316,GB Hogg,Left_Hand,Slow left-arm chinaman,Australia,35.84615385,7.107296137,22.19047619,0.619047619,552,26.28571429,3.266666667,4.666666667,0.111111111,0.5,0.761904762,0.166666667,0.333333333,316
317,RR Bhatkal,Right_Hand,Right-arm medium,India,0,17.5,12,0,35,35,0,0,0,0,0,0,0,317
318,CJ McKay,Right_Hand,Right-arm fast-medium,Australia,0,8.571428571,21,0,60,30,3,2,0,0,0,0,0,318
321,Azhar Mahmood,Right_Hand,Right-arm fast-medium,Pakistan,78.85714286,7.402173913,24,0.304347826,681,29.60869565,3.043478261,4.235294118,0.130434783,0,0.217391304,0.086956522,0.058823529,321
322,P Negi,Left_Hand,Slow left-arm orthodox,India,62.71428571,7.981776765,18.29166667,0.291666667,584,24.33333333,2.111111111,4,0.272727273,0,0.583333333,0.181818182,0.333333333,322
323,RJ Peterson,Left_Hand,Slow left-arm orthodox,South Africa,0,8.75,12,0,70,17.5,2.5,3,0,0,0,0,0,323
324,KMDN Kulasekara,Right_Hand,Right-arm fast-medium,Sri Lanka,107,6.448598131,21.4,0.2,115,23,3.666666667,8,0,0.2,0.2,0,0,324
325,A Ashish Reddy,Right_Hand,Right-arm medium,India,67.5,8.577777778,13.5,0.2,386,19.3,2.357142857,2,0.1875,0,0.25,0.0625,0,325
326,V Pratap Singh,Right_Hand,Right-arm medium,India,0,8.218009479,23.44444444,0,289,32.11111111,2.5,6,0,0,0,0,0,326
328,MJ Clarke,Right_Hand,Slow left-arm orthodox,Australia,0,6.090909091,13.2,0,67,13.4,1,0,0,0,0,0,0,328
329,Gurkeerat Singh,Right_Hand,Right-arm offbreak,India,16.4,6.804878049,13.66666667,0.833333333,93,15.5,0,1.5,0,0,0.666666667,0,0,329
332,K Upadhyay,Right_Hand,Right-arm medium,India,0,8.464285714,18.66666667,0,79,26.33333333,2,4.666666667,0.5,0.333333333,0.666666667,0,0,332
333,P Awana,Right_Hand,Right-arm medium,India,45.47058824,7.754204398,23.42424242,0.515151515,999,30.27272727,3.038461538,4.962962963,0.24137931,0.259259259,0.606060606,0.137931034,0.185185185,333
334,AD Russell,Right_Hand,Right-arm fast,West Indies,21.7,8.01843318,19.14705882,0.882352941,870,25.58823529,3,5.777777778,0.375,0.944444444,1.235294118,0.333333333,0.333333333,334
335,A Chandila,Right_Hand,Right-arm offbreak,India,58.5,6.205128205,19.5,0.333333333,242,20.16666667,3,5.916666667,0,0,0,0,0.166666667,335
337,Sunny Gupta,Right_Hand,Right-arm offbreak,India,0,14.21052632,19,0,45,45,1,0,0,0,0,0,0,337
340,GH Vihari,Right_Hand,Right-arm offbreak,India,0,6,7.4,0,37,7.4,0,2.5,0,0,0.2,0,0,340
342,R Shukla,Right_Hand,Right-arm medium,India,65,9.138461538,18.57142857,0.285714286,198,28.28571429,3.75,4,1.5,0.833333333,1.714285714,0,0,342
343,B Laughlin,Right_Hand,Right-arm fast-medium,Australia,0,9.066666667,22.5,0,68,34,2.5,0,0,0,0,0,0,343
344,AS Rajpoot,Right_Hand,Right-arm medium,India,32.33333333,7.546391753,16.16666667,0.5,122,20.33333333,1,5.5,0.5,0.75,2.166666667,0.5,0.25,344
346,JD Unadkat,Right_Hand,Left-arm medium,India,26.51851852,8.170391061,21.05882353,0.794117647,975,28.67647059,2.565217391,4,0.407407407,0.233333333,0.558823529,0.333333333,0.233333333,346
347,Mohammed Shami,Right_Hand,Right-arm fast-medium,India,38,7.943319838,21.47826087,0.565217391,654,28.43478261,2.8125,6.2,0.833333333,1.476190476,2.47826087,0.277777778,0.142857143,347
348,BMAJ Mendis,Left_Hand,Legbreak,Sri Lanka,30,7.2,15,0.5,36,18,0,0,0,0,0,0,0,348
349,R Rampaul,Left_Hand,Right-arm fast-medium,West Indies,30.88888889,6.45323741,23.16666667,0.75,299,24.91666667,3.375,8.25,0.666666667,0.25,1.333333333,0.222222222,0.416666667,349
350,CH Morris,Right_Hand,Right-arm fast-medium,South Africa,25.84848485,6.984759672,21.87179487,0.846153846,993,25.46153846,3.125,6.5,0.53125,1.433333333,1.717948718,0.28125,0.166666667,350
352,SMSM Senanayake,Right_Hand,Right-arm offbreak,Sri Lanka,39,6.338461538,24.375,0.625,206,25.75,1.75,7.5,0,0.25,0.25,0,0.125,352
353,BJ Rohrer,Left_Hand,,Australia,0,9.428571429,7,0,11,11,0,0,0,0,1,0,0,353
356,R Dhawan,Right_Hand,Right-arm medium-fast,India,28.5,7.087719298,20.52,0.72,606,24.24,2.642857143,3.666666667,1.25,0.3,1.84,0.25,0.2,356
357,MG Johnson,Left_Hand,Left-arm fast,Australia,22.67391304,7.41514861,24.25581395,1.069767442,1289,29.97674419,3.810810811,7.195121951,0.631578947,0.833333333,1.813953488,0.447368421,0.357142857,357
358,LJ Wright,Right_Hand,Right-arm medium-fast,England,37.5,9.6,12.5,0.333333333,120,20,1.5,2,0,0,0.833333333,0.333333333,0,358
359,IC Pandey,Right_Hand,Right-arm medium,India,26.05555556,7.471215352,19.54166667,0.75,584,24.33333333,1.857142857,7.272727273,0.571428571,0.590909091,1.041666667,0.285714286,0.409090909,359
362,DJG Sammy,Right_Hand,Right-arm medium-fast,West Indies,22.18181818,8.385245902,12.84210526,0.578947368,341,17.94736842,2.714285714,2.333333333,0.888888889,0.333333333,0.684210526,0.222222222,0,362
363,KW Richardson,Right_Hand,Right-arm fast-medium,Australia,18.11111111,7.932515337,23.28571429,1.285714286,431,30.78571429,2.916666667,6.357142857,0.666666667,0.642857143,1.357142857,0.583333333,0.428571429,363
364,MM Sharma,Right_Hand,Right-arm medium,India,19.23880597,7.619860357,21.13114754,1.098360656,1637,26.83606557,3.175,5.574074074,0.325581395,0.222222222,0.606557377,0.627906977,0.277777778,364
366,Parvez Rasool,Right_Hand,Right-arm offbreak,India,50,8.04,18.18181818,0.363636364,268,24.36363636,0,3.571428571,0,0.125,0.454545455,0,0,366
367,Sandeep Sharma,Right_Hand,Right-arm medium,India,18.01851852,7.109969168,22.62790698,1.255813953,1153,26.81395349,2.636363636,8.255813953,0.62962963,0.953488372,1.581395349,0.444444444,0.418604651,367
368,S Kaul,Right_Hand,Right-arm medium,India,35.83333333,7.981395349,19.54545455,0.545454545,286,26,2.166666667,5.181818182,0.125,1.454545455,2,0.125,0.090909091,368
369,Sachin Baby,Left_Hand,Right-arm offbreak,India,5,4.8,5,1,8,4,3,0,0,0,0,2,0,369
370,PV Tambe,Right_Hand,Legbreak,India,24.07142857,7.424332344,20.42424242,0.848484848,834,25.27272727,2.375,2.692307692,0.2,0.307692308,0.96969697,0.1,0.076923077,370
371,NM Coulter-Nile,Right_Hand,Right-arm fast,Australia,19.42857143,7,24,1.235294118,476,28,3.25,7.705882353,0.692307692,1.176470588,1.823529412,0.692307692,0.294117647,371
372,CJ Anderson,Left_Hand,Left-arm medium-fast,New Zealand,27.6,9.130434783,12.54545455,0.454545455,210,19.09090909,3,4.857142857,0.666666667,0.714285714,1,0.666666667,0.285714286,372
374,AR Patel,Left_Hand,Slow left-arm orthodox,India,22.93023256,7.040567951,21.91111111,0.955555556,1157,25.71111111,3.259259259,2.631578947,0.566666667,0.428571429,1.355555556,0.333333333,0,374
375,JJ Bumrah,Right_Hand,Right-arm medium,India,30.86956522,7.867605634,22.90322581,0.741935484,931,30.03225806,3.259259259,4.3,0.555555556,0.666666667,1.290322581,0.333333333,0.066666667,375
376,JDS Neesham,Left_Hand,Right-arm medium,New Zealand,57,9.263157895,14.25,0.25,88,22,1.5,3,0,4,2,0.5,0,376
377,TG Southee,Right_Hand,Right-arm medium-fast,New Zealand,32.89473684,7.6128,24.03846154,0.730769231,793,30.5,2.782608696,6.538461538,0.782608696,0.615384615,1.538461538,0.173913043,0.192307692,377
378,MA Starc,Left_Hand,Left-arm fast,Australia,18,6.431372549,23.53846154,1.307692308,656,25.23076923,4.25,6.5,0.857142857,1.576923077,2.653846154,0.380952381,0.192307692,378
381,Shivam Sharma,Right_Hand,Right-arm offbreak,India,28.5,8.684210526,22.8,0.8,165,33,2.333333333,0,0,0,0,0,0,381
382,YS Chahal,Right_Hand,Legbreak googly,India,16.92857143,7.664556962,22.57142857,1.333333333,1211,28.83333333,2.153846154,3.545454545,0.275862069,0.384615385,0.904761905,0.310344828,0.307692308,382
383,LMP Simmons,Right_Hand,Right-arm medium-fast,West Indies,18,11.33333333,18,1,34,34,2,0,0,0,0,0,0,383
385,BCJ Cutting,Right_Hand,Right-arm fast-medium,Australia,15.33333333,7.173913043,18.4,1.2,110,22,2,1.666666667,0,0,0.2,0,0,385
386,Imran Tahir,Right_Hand,Legbreak googly,India,15.44827586,8.008928571,22.4,1.45,598,29.9,4.133333333,1.5,0.823529412,1,1.7,1,0,386
387,BE Hendricks,Left_Hand,Left-arm fast-medium,South Africa,17.44444444,8.560509554,22.42857143,1.285714286,224,32,4.333333333,3.571428571,0.666666667,1.142857143,2.142857143,1.166666667,0,387
388,S Gopal,Right_Hand,Legbreak,India,16.57142857,7.913793103,19.33333333,1.166666667,153,25.5,1,5,0,0,0.333333333,0.333333333,0,388
389,M de Lange,Right_Hand,Right-arm fast,South Africa,58,8.120689655,23.2,0.4,157,31.4,2.666666667,6.8,0.5,1.4,2.2,0.25,0,389
390,R Tewatia,Left_Hand,Legbreak,India,24.33333333,7.315068493,18.25,0.75,89,22.25,4,0,0,0,0.25,1,0,390
391,JO Holder,Right_Hand,Right-arm medium-fast,West Indies,45.6,7.736842105,20.72727273,0.454545455,294,26.72727273,4,5.75,1.333333333,1.25,1.727272727,0.333333333,0.125,391
392,Karanveer Singh,Right_Hand,Legbreak googly,India,17.75,8.788732394,23.66666667,1.333333333,312,34.66666667,3,6,0.571428571,0,1.222222222,0.714285714,0,392
394,DJ Hooda,Right_Hand,Right-arm offbreak,India,44.25,7.322033898,13.61538462,0.307692308,216,16.61538462,1.5,2.625,0,0.25,0.923076923,0.333333333,0.125,394
395,Anureet Singh,Right_Hand,Right-arm medium,India,23.17647059,8.116751269,21.88888889,0.944444444,533,29.61111111,3.692307692,5,0.846153846,0.705882353,1.944444444,0.461538462,0.294117647,395
396,KS Williamson,Right_Hand,Right-arm offbreak,New Zealand,0,7,6,0,7,7,0,2,0,0,0,0,0,396
397,SA Abbott,Right_Hand,Right-arm fast-medium,New Zealand,0,10.3125,16,0,55,27.5,1,2,0,0,1,0,0,397
398,J Suchith,Left_Hand,Slow left-arm orthodox,India,25.3,8.513833992,19.46153846,0.769230769,359,27.61538462,2,2.8,0,0.2,0.769230769,0,0.2,398
399,RG More,Right_Hand,Right-arm medium,India,37,9.243243243,18.5,0.5,57,28.5,2.5,0,2.5,0,3,0,0,399
400,HH Pandya,Right_Hand,Right-arm medium-fast,India,53.25,8.957746479,11.83333333,0.222222222,318,17.66666667,2.555555556,0,0.5,0,0.833333333,0.2,0,400
401,D Wiese,Right_Hand,Right-arm medium-fast,South Africa,18.0625,8.096885813,20.64285714,1.142857143,390,27.85714286,2.222222222,3.888888889,0.6,0.666666667,1.357142857,0.6,0.555555556,401
403,MJ McClenaghan,Left_Hand,Left-arm fast-medium,New Zealand,18.2,7.412872841,24.5,1.346153846,787,30.26923077,3.958333333,6.615384615,1,1,2.192307692,0.68,0.384615385,403
404,DJ Muthuswami,Right_Hand,Right-arm medium,India,21,7.214285714,14,0.666666667,101,16.83333333,5,6.333333333,0,1.166666667,1.166666667,0,0.5,404
405,PJ Cummins,Right_Hand,Right-arm fast,Australia,45,7.733333333,22.5,0.5,116,29,2.666666667,7.75,2,2.5,4,0,0.25,405
406,SN Thakur,Right_Hand,Right-arm medium,India,20,10.8,20,1,36,36,0,3,0,1,3,0,0,406
408,CR Brathwaite,Right_Hand,Right-arm fast-medium,West Indies,20.42857143,7.594405594,17.875,0.875,181,22.625,2.666666667,2,0,0,1.375,0.333333333,0,408
409,MP Stoinis,Right_Hand,Right-arm medium,Australia,17.5,8.185714286,20,1.142857143,191,27.28571429,2.5,2.6,0.5,0.166666667,1.714285714,0.5,0.166666667,409
411,C Munro,Left_Hand,Right-arm medium-fast,New Zealand,0,7.5,6,0,15,7.5,0,0,0,0,0,0,0,411
412,P Sahu,Right_Hand,Legbreak googly,India,35.66666667,8.074766355,21.4,0.6,144,28.8,2,4,0.333333333,2,1.6,0,0,412
413,KH Pandya,Left_Hand,Slow left-arm orthodox,India,32.33333333,6.958762887,17.63636364,0.545454545,225,20.45454545,1.5,3,2.5,0.166666667,1.181818182,0,0,413
416,KJ Abbott,Right_Hand,Right-arm fast-medium,South Africa,51,10,20.4,0.4,170,34,2,3.2,0.333333333,0.6,2.4,0,0,416
418,M Ashwin,Right_Hand,Legbreak googly,India,25.14285714,7.977272727,17.6,0.7,234,23.4,3.571428571,4,0.125,3,1.1,0.25,0,418
422,KC Cariappa,Right_Hand,Legbreak,India,29.25,9.435897436,19.5,0.666666667,184,30.66666667,2,2.5,0.5,0,0.666666667,0.5,0,422
424,Swapnil Singh,Right_Hand,Slow left-arm orthodox,India,0,9.666666667,18,0,29,29,0,0,0,0,0,0,0,424
425,J Yadav,Right_Hand,Right-arm offbreak,India,36.5,6.246575342,18.25,0.5,152,19,4,5,1,0.2,0.25,1,0,425
429,BB Sran,Left_Hand,Left-arm medium,India,23.71428571,7.71686747,22.13333333,0.933333333,427,28.46666667,2.8,5.692307692,0.5,1.384615385,1.933333333,0.416666667,0.307692308,429
430,A Zampa,Right_Hand,Legbreak googly,Australia,8.583333333,6.40776699,20.6,2.4,110,22,4,4,0,6,1.4,1,0,430
431,N Rana,Left_Hand,Right-arm offbreak,India,0,3,6,0,3,3,0,0,0,0,0,0,0,431
432,S Kaushik,Right_Hand,Slow left-arm chinaman,India,23.66666667,7.943661972,20.28571429,0.857142857,188,26.85714286,3,4,0.5,1,1,0.25,0,432
434,CJ Jordan,Right_Hand,Right-arm fast-medium,England,16.45454545,7.988950276,20.11111111,1.222222222,241,26.77777778,3.8,2.6,2.166666667,0.8,2.777777778,0.5,0,434
435,P Amarnath,Right_Hand,Right-arm medium,India,18.85714286,10.72727273,22,1.166666667,236,39.33333333,1.2,3,0.2,0,0.833333333,0.4,0,435
436,B Geeves,Right_Hand,Right-arm fast-medium,Australia,49,10.53061224,24.5,0.5,86,43,3,4.5,0,0.5,0.5,0.5,0,436
437,Gagandeep Singh,Right_Hand,Right-arm medium-fast,India,28,10.07142857,21,0.75,141,35.25,2.5,3,0,0,0.25,0.25,0,437
438,A Nel,Right_Hand,Right-arm fast-medium,South Africa,18,10.33333333,18,1,31,31,4,2,0,0,0,0,1,438
439,AM Salvi,Right_Hand,Right-arm medium,India,22.28571429,7.307692308,22.28571429,1,190,27.14285714,2.666666667,5.5,0.5,0.428571429,2.142857143,0.5,0.142857143,439
440,RR Bose,Right_Hand,Right-arm fast-medium,India,0,12,12,0,24,24,0,5,0,0,0,0,0,440
441,SS Sarkar,Right_Hand,Right-arm medium,India,25,8.16,12.5,0.5,34,17,4,0,0,0,0,0,0,441
442,RA Shaikh,Left_Hand,Left-arm medium,India,0,11,6,0,11,11,0,1,0,0,0,0,0,442
443,C Ganapathy,Right_Hand,Right-arm medium,India,0,13,6,0,13,13,0,0,0,0,0,0,0,443
444,MB Parmar,Right_Hand,Right-arm offbreak,India,0,10.10526316,19,0,32,32,0,3,0,1,1,0,0,444
445,AA Kazi,Left_Hand,Slow left-arm orthodox,India,0,9.230769231,13,0,20,20,0,0,0,0,1,0,0,445
446,Anand Rajan,Right_Hand,Right-arm medium,India,40.5,6.962962963,20.25,0.5,188,23.5,3.333333333,5.6,0.5,0.6,1,0.5,0,446
447,P Prasanth,Left_Hand,Slow left-arm orthodox,India,0,18,6,0,18,18,0,0,0,0,0,0,0,447
448,SS Mundhe,Right_Hand,Right-arm medium,India,7,4.285714286,7,1,5,5,0,5,0,1,1,0,1,448
449,RW Price,Right_Hand,Slow left-arm orthodox,Zimbabwea,0,11,18,0,33,33,0,0,0,0,0,0,0,449
450,TP Sudhindra,Left_Hand,Right-arm fast,India,0,10.7027027,24.66666667,0,132,44,2,5.5,0,0,0,0,0,450
451,BW Hilfenhaus,Right_Hand,Right-arm fast-medium,Australia,48.75,7.092307692,22.94117647,0.470588235,461,27.11764706,3,9,0.214285714,0.764705882,0.941176471,0.142857143,0.058823529,451
452,S Badree,Right_Hand,Legbreak,West Indies,56,6.589285714,22.4,0.4,123,24.6,2.5,9,0,1.2,2.6,0,0.2,452
453,P Suyal,Right_Hand,Left-arm medium,India,53.5,7.85046729,21.4,0.4,140,28,2.666666667,6.4,1.333333333,1.4,2.8,0,0.2,453
454,MG Neser,Right_Hand,Right-arm medium,Australia,0,14.64,25,0,61,61,2,1,0,0,1,0,0,454
455,V Shankar,Right_Hand,Right-arm medium,India,0,19,6,0,19,19,0,0,0,0,0,0,0,455
456,K Santokie,Left_Hand,Left-arm medium,West Indies,17,10.23529412,25.5,1.5,87,43.5,3.5,4.5,1,1,2,0.5,0.5,456
457,JW Hastings,Right_Hand,Right-arm fast-medium,Australia,20.33333333,6.196721311,20.33333333,1,63,21,2.5,7.666666667,0,1,1,0.5,0.333333333,457
458,TA Boult,Right_Hand,Left-arm fast-medium,New Zealand,20.7,7.507246377,25.875,1.25,259,32.375,3.285714286,8.625,0.375,1.75,2.375,0.625,0,458
459,GS Sandhu,Left_Hand,Right-arm fast-medium,Australia,48,10.25,24,0.5,82,41,4,3,0,0,2,0.5,0,459
460,Mustafizur Rahman,Left_Hand,Left-arm fast-medium,Bangladesh,22.11764706,6.558510638,23.5,1.0625,411,25.6875,4.846153846,4.230769231,0.5,0.384615385,1,0.5,0.230769231,460
461,AF Milne,Right_Hand,Right-arm fast,New Zealand,25,9.12,25,1,38,38,3,4,1,5,6,0,0,461
462,Kuldeep Yadav,Left_Hand,Slow left-arm chinaman,India,12.33333333,7.621621622,24.66666667,2,94,31.33333333,3,0,1,0,2.666666667,0.5,0,462
463,T Shamsi,Right_Hand,Slow left-arm chinaman,South Africa,32,9.1875,24,0.75,147,36.75,2.25,0,0,0,1,0.25,0,463
464,SM Boland,Right_Hand,Right-arm fast-medium,Australia,21.5,7.395348837,21.5,1,53,26.5,3.5,4.5,1.5,0,1.5,0.5,0.5,464
465,DL Chahar,Right_Hand,Right-arm medium,India,0,6.909090909,16.5,0,38,19,0,7.5,0,2,2,0,0,465
